,Country,1980,1981,1982,1983,1984,1985,1986,1987,1988,1989,1990,1991,1992,1993,1994,1995,1996,1997,1998,1999,2000,2001,2002,2003,2004,2005,2006,2007,2008,2009,2010,2011,2012,2013,2014,2015,2016,2017,2018,2019,2020,2021,2022,2023,Change in gdp per capita
2,Albania,728.359,"817,734","824,542","815,529","788,332","788,801","855,724","832,245","805,046","860,784","675,736","408,022","259,75","452,623","736,028","903,989","1009,967","717,381","818,32","1032,264","1127,64","1283,573","1425,125","1846,119","2373,58","2673,773","2972,745","3595,053","4370,562","4114,09","4097,833","4439,89","4248,909","4415,6","4584,919","3953,611","4124,405","4525,887","5257,714","5345,058","5268,239","6373,3","6369,009",6591.682,5863.322999999999
3,Algeria,2268.607,"2305,505","2254,328","2316,679","2432,717","2753,697","2698,915","2705,111","2143,742","2127,866","2473,512","1819,984","1873,422","1894,946","1542,974","1499,143","1643,265","1658,732","1633,09","1630,071","1794,695","1768,577","1806,86","2128,386","2636,479","3141,027","3508,959","3986,564","4943,502","3890,524","4480,719","5447,6","5575,653","5477,055","5466,329","4153,322","3918,941","4079,653","4118,839","3953,576","3304,865","3659,531","4151,437",4162.176,1893.5690000000004
5,Angola,745.119,"679,02","661,52","671,804","693,779","758,525","690,446","769,563","812,794","920,268","986,639","928,506","695,059","489,755","346,239","419,529","525,403","599,077","493,041","452,677","652,11","619,697","841,42","951,969","1222,038","1862,424","2561,859","3099,087","4081,688","3146,802","3641,444","4716,253","5245,023","5436,516","5625,736","4354,921","3676,826","4300,097","3465,062","2805,261","1873,11","2352,128","3790,704",3997.713,3252.594
6,Antigua and Barbuda,1920.249,"2177,087","2448,585","2752,968","3200,985","3763,974","4617,61","5455,264","6547,259","7273,247","7623,434","7927,588","8084,427","8474,038","9097,243","8675,237","9266,473","9678,32","10074,75","10349,52","10931,312","10411,422","10485,776","10921,845","11613,334","12785,872","14317,674","16060,877","16574,257","14688,677","13574,44","13295,364","13825,317","13414,902","13980,61","14728,706","15588,535","15686,747","16902,149","17495,76","13997,537","14809,483","16786,939",18264.769,16344.52
7,Argentina,8361.209,"6671,428","3257,853","3962,735","4374,783","3248,745","3857,027","3909,984","4524,498","2867,307","4857,796","6429,454","7653,711","7796,24","8378,735","8295,123","8645,455","9196,516","9283,175","8709,072","8638,543","8085,356","2997,621","3761,088","4314,098","5163,55","5976,082","7315,726","9146,79","8337,811","10412,974","12787,806","13889,792","14488,829","13208,831","14895,316","12772,868","14618,327","11786,433","10054,023","8571,937","10616,947","13621,859",13767.102,5405.893
10,Australia,11000.106,"12519,996","12226,554","11584,2","12566,629","10960,218","11237,657","12989,872","16235,068","18191,41","18859,611","18656,521","18106,743","17447,644","19736,288","20908,435","23153,751","23023,644","20374,747","21748,002","20879,214","19473,668","21683,513","27283,266","32843,381","36217,493","37929,777","45157,561","49169,066","45733,623","56538,842","67251,796","68441,189","65197,914","61607,949","51412,69","51826,426",55812,"56333,519","54323,089","52952,827","63464,106","66407,604",68023.152,57023.046
11,Austria,10731.955,"9280,728","9267,664","9417,235","8882,629","9090,795","12886,095","16093,014","17632,815","17547,811","21827,44","22621,881","25068,398","24152,659","25725,557","30350,529","29820,596","26737,482","27399,085","27210,471","24636,471","24558,922","26508,32","32298,607","36883,892","38450,609","40674,883","46922,558","51914,013","48111,662","46955,173","51452,276","48616,903","50747,384","51814,424","44267,809","45278,829","47320,537","51254,398","50239,416","48636,302","53332,268","52061,652",52316.143,41584.187999999995
13,"Bahamas, The",12289.314,"12493,753","13746,78","14958,645","15627,015","16797,762","17850,61","19326,111","19683,611","21814,311","20456,262","19767,718","19417,219","18979,009","19660,92","20271,252","20974,536","21951,759","23300,801","25780,476","26669,435","27060,507","28477,061","28043,46","28239,074","30269,034","30908,205","31894,394","31248,603","29296,493","29303,257","28906,973","30433,05","29654,093","31029,39","32569,739","32135,901","33185,655","33876,503","34650,118","25193,919","28792,071","32246,239",34548.93,22259.616
14,Bahrain,10189.612,"11061,394","11221,699","11117,659","11163,436","10182,368","7695,805","8049,364","9602,789","9668,043","10179,632","10252,365","10536,823","11290,27","11777,073","12143,091","12298,65","12422,116","11565,971","12210,221","14214,58","13894,343","13501,551","14486,061","15963,978","17966,224","19267,567","20908,338","23236,055","19465,292","20827,697","24080,452","25434,429","25965,311","25398,335","22659,393","22641,276","23631,585","25149,487","26050,98","23585,91","26135,777","28691,769",29076.315,18886.703
15,Bangladesh,311.093,"322,318","294,02","277,489","303,3","317,511","318,062","339,17","355,592","378,07","398,05","402,354","400,912","395,867","411,91","450,133","471,268","479,354","488,077","491,461","497,807","497,045","499,906","533,545","569,732","594,253","610,469","668,54","760,65","841,252","935,755","1032,313","1057,884","1176,16","1340,289","1495,538","1679,021","1839,755","1991,739","2154,227","2270,348","2497,741","2734,109",2846.84,2535.7470000000003
16,Barbados,4036.509,"4427,056","4611,693","4882,788","5308,313","5539,558","6062,784","6653,718","7052,007","7776,714","7772,174","7777,866","7464,866","7886,782","8194,382","8414,115","8938,565","9412,367","10573,109","11039,097","11337,027","11284,369","11442,562","11788,654","12612,206","13939,669","15334,01","16925,611","17254,227","16036,404","16203,257","16599,012","16371,952","16556,104","16572,311","16589,45","16947,632","17423,251","17758,083","18448,826","16245,057","16817,275","20003,712",21636.413,17599.904000000002
18,Belgium,12529.348,"10366,108","9128,584","8626,16","8244,846","8568,653","11873,806","14740,456","16008,638","16098,158","20119,935","20563,729","22823,029","21723,624","23624,467","28458,469","27535,287","24878,749","25399,222","25309,057","23136,511","23067,163","25044,331","30707,665","35497,552","36945,499","38841,785","44496,791","48493,137","44892,228","44448,17","47564,381","44824,163","46848,612","47897,037","41147,261","42076,398","44274,073","47689,493","46740,49","45238,677","51849,343","50597,868",50906.083,38376.735
19,Belize,1485.189,"1544,093","1514,544","1553,175","1687,191","1628,2","1723,846","1964,493","2275,713","2557,259","2819,969","2981,814","3374,418","3542,791","3555,727","3677,903","3729,822","3675,268","3738,251","3908,248","4333,93","4409,66","4564,499","4704,716","4907,717","5030,684","5305,205","5505,176","5544,551","5279,865","5379,294","5462,937","5577,937","5820,051","5958,676","5969,551","5895,159","5835,402","5740,772","5804,762","4791,467","5638,403","6096,324",6381.297,4896.107999999999
20,Benin,633.149,"413,923","397,573","340,867","352,496","370,342","462,435","535,192","544,339","491,148","580,415","573,657","615,86","579,434","389,725","506,864","533,491","497,342","519,56","552,369","512,9","518,071","574,524","711,107","798,382","823,24","856,1","966,318","1125,303","1087,576","1037,381","1130,074","1145,865","1251,228","1291,743","1076,906","1086,987","1136,193","1240,838","1218,278","1290,5","1417,42","1366,871",1382.594,749.445
21,Bhutan,301.912,"317,384","325,479","343,169","346,705","349,039","382,259","447,284","496,565","483,64","514,626","446,274","442,838","470,84","484,426","569,737","594,213","654,919","701,797","716,174","758,308","767,831","813,421","950,504","1059,205","1215,288","1278,66","1548,106","1936,306","1797,535","2097,54","2511,435","2592,37","2609,758","2546,857","2767,781","2857,443","3137,633","3413,308","3322,527","3247,926","3245,411","3562,306",3855.767,3553.855
22,Bolivia,695.535,"615,66","668,55","619,896","631,152","668,921","640,94","683,625","712,146","715,525","723,431","776,711","803,547","793,646","805,183","886,368","956,965","1006,102","1057,72","1010,58","994,617","949,383","904,851","908,203","968,545","1037,176","1226,845","1383,894","1729,369","1769,441","1972,684","2368,523","2635,933","2938,421","3114,966","3069,319","3110,874","3388,523","3588,089","3591,403","3172,556","3449,384","3631,335",3791.358,3095.8230000000003
24,Botswana,1281.65,"1110,876","1130,197","1204,322","1153,418","1035,551","1354,241","2046,746","2563,555","2761,856","2939,88","2857,355","2868,706","2810,534","2945,134","3241,828","3245,043",3228,"3033,182","3350,85","3457,838","3260,578","3165,091","4306,454","4994,989","5465,344","5402,854","5633,943","5601,705","5179,67","6359,637","7497,568","6818,885","6919,46","7406,85","6380,274","6982,945","7303,674","7556,094","7247,454","6348,809","7337,466","7347,738",7462.962,6181.312
25,Brazil,1229.883,"1382,548","1446,228","1134,932","1105,852","1719,515","1955,069","2087,445","2289,424","3087,928","3106,116","2677,837","2523,736","2787,164","3495,239","4851,99","5204,574","5321,137","5123,549","3501,438","3772,05","3177,94","2856,026","3089,141","3660,02","4819,872","5921,179","7390,653","8878,359","8649,578","11333,023","13295,899","12424,949","12358,342","12175,681","8846,475","8757,304","9978,089","9194,149","8914,171","6840,658","7563,562","8857,47",9571.81,8341.927
27,Bulgaria,3673.235,"3950,229","4108,111","4211,107","4465,379","3820,536","3382,438","3926,053","6433,109","6580,664","2919,823","288,506","1183,155","649,649","1155,796","1958,07","1494,786","1386,466","1854,468","1689,293","1625,322","1797,392","2090,683","2710,577","3370,382","3869,588","4477,028","5811,847","7156,176","6878,061","6753,335","7872,043","7454,003","7702,783","7925,691","7098,587","7596,464","8414,389","9489,641","9914,32","10119,909","11745,571","12505,009",13220.578,9547.342999999999
28,Burkina Faso,349.672,"297,167","270,123","240,72","209,724","225,945","288,783","327,429","352,095","342,864","395,875","389,6","406,069","376,711","220,468","265,238","280,453","258,109","287,604","300,311","255,082","267,099","294,457","374,534","418,187","458,187","473,475","535,125","643,334","623,497","648,365","751,041","758,48","787,481","793,051","653,393","688,061","734,737","813,468","786,929","831,013","887,282","824,884",831.309,481.63699999999994
29,Burundi,232.381,"234,94","241,083","247,995","218,999","247,644","253,424","231,932","211,184","213,175","207,113","207,674","187,243","162,572","157,474","167,177","142,588","157,054","141,755","133,412","130,225","127,349","116,392","108,066","122,381","148,71","164,575","170,174","195,79","208,78","231,549","247,097","250,118","255,319","273,133","304,243","281,062","291,859","271,289","261,294","259,906","273,956","292,619",307.87,75.489
30,Cabo Verde,541.435,"522,81","517,666","499,536","466,312","476,329","645,817","783,24","861,862","853,014","957,369","974,873","1062,47","1046,265","1180,486","1378,161","1385,771","1322,336","1376,757","1541,831","1399,088","1387,33","1501,545","1935,48","2188,003","2298,396","2571,824","3110,447","3636,128","3416,224","3312,035","3672,583","3388,875","3557,871","3532,994","2996,362","3082,157","3239,066","3963,62","3947,491","3359,764","3748,98","3600,223",3708.274,3166.839
32,Cameroon,1004.846,"1106,193","1031,862","1012,33","1041,933","1059,933","1344,534","1514,218","1493,9","1292,834","1255,123","1357,676","1207,539","1222,984","808,04","745,55","808,211","794,939","772,304","765,544","660,382","687,404","756,14","949,02","1089,418","1101,546","1147,497","1277,667","1439,39","1409,942","1353,407","1464,888","1404,412","1527,773","1604,627","1382,65","1412,866","1468,929","1585,96","1533,161","1539,354","1667,318","1584,003",1608.536,603.69
33,Canada,11281.422,"12396,666","12543,938","13493,198","13947,358","14185,922","14539,75","16408,139","19041,182","20842,455","21572,137","21885,57","20984,778","20210,452","20024,581","20706,725","21325,69","21930,485","21046,556","22340,553","24296,721","23859,714","24279,186","28338,745","32176,593","36439,62","40558,897","44716,985","46773,837","40990,625","47627,345","52285,937","52744,004","52708,61","51020,843","43626,47","42382,635","45191,993","46625,859","46403,986","43306,635","52015,069","56794,018",59178.976,47897.554000000004
34,Central African Republic,313.369,"316,495","298,747","279,719","265,441","340,227","431,342","465,181","490,939","474,879","539,656","502,896","489,786","418,922","268,106","340,988","298,443","285,804","296,103","290,99","238,505","242,794","260,865","310,302","336,409","356,688","381,315","427,313","485,807","482,648","492,078","551,028","566,199","380,304","424,67","377,476","402,053","450,744","488,442","480,173","494,518","525,154","495,936",515.479,202.11
35,Chad,163.554,"189,349","178,888","174,759","182,983","192,956","230,715","253,529","287,003","262,413","306,217","293,844","296,666","251,096","196,901","233,418","250,861","232,968","254,121","215,939","188,139","223,102","250,264","330,959","513,888","661,203","712,529","803,018","932,601","805,798","895,354","985,629","970,738","982,92","1024,838","776,105","700,558","671,18","713,426","689,327","653,088","697,372","743,373",754.589,591.0350000000001
36,Chile,2597.549,"3025,261","2219,443","1774,259","1698,55","1434,097","1514,712","1755,798","2034,857","2305,093","2520,977","2849,074","3391,291","3571,257","4057,604","5152,669","5386,14","5796,345","5474,114","4980,135","5096,34","4606,789","4478,908","4824,733","6184,409","7559,845","9414,678","10445,43","10751,477","10162,886","12710,955","14552,058","15313,565","15743,269","14583,039","13494,113","13717,576","14994,25","15739,912","14567,634","12968,523","16065,041","15603,613",17281.123,14683.574
37,"China, People's Republic of",306.98,"288,491","279,971","296,509","301,111","292,99","279,908","299,842","368,079","406,534","346,873","356,759","420,025","520,966","468,658","603,526","703,06","774,91","820,903","865,236","951,163","1044,958","1141,14","1282,21","1499,712","1751,368","2095,239","2691,048","3446,695","3813,408","4499,803","5553,242","6282,709","7039,574","7645,875","8034,287","8063,446","8760,259","9848,949","10170,061","10525,001","12561,687","12970,328",13629.256,13322.276
38,Colombia,1681.741,"1792,253","1878,094","1827,16","1767,172","1622,996","1592,199","1623,392","1714,211","1693,401","1690,417","1711,649","1985,733","2208,302","2725,705","3034,076","3135,79","3397,944","3089,643","2672,575","2534,444","2460,326","2423,363","2312,597","2826,04","3493,976","3836,682","4834,416","5622,109","5330,806","6498,585","7518,304","8237,293","8409,7","8312,056","6337,03","6037,133","6577,287","6923,64","6540,141","5368,324","6158,91","6644,492",6939.548,5257.807
39,Comoros,684.569,"584,519","541,617","513,524","490,137","482,697","629,744","741,276","772,133","731,08","868,945","895,707","955,474","916,695","660,355","806,805","789,145","714,272","701,452","703,067","628,071","675,05","757,399","949,68","1055,357","1085,659","1110,984","1251,857","1403,796","1351,145","1322,638","1450,159","1403,417","1500,731","1505,178","1231,135","1256,035","1300,566","1386,014","1359,75","1357,291","1393,928","1299,682",1302.156,617.587
40,"Congo, Dem. Rep. of the",2730.694,"2301,277","2422,242","1891,283","1221,72","1080,898","1174,016","1075,998","1206,847","1188,851","1192,38","1120,914","973,197","1222,443","639,608","601,803","750,736","642,729","461,123","410,453","397,025","146,542","171,076","171,505","189,173","215,172","248,176","280,397","316,269","289,689","326,681","379,705","417,545","450,642","479,602","490,698","459,14","460,832","553,88","573,292","536,45","603,228","660,21",703.907,-2026.7869999999998
41,"Congo, Republic of ",1362.75,"1083,721","916,547","808,393","721,033","717,264","951,697","1121,613","1157,519","1150,77","1310,373","1326,741","1398,92","1249,625","839,501","973,005","1097,225","967,806","823,561","949,351","1268,422","1037,327","1109,284","1255,568","1617,326","2058,304","2436,377","2586,304","3346,18","2722,039","3597,956","4175,34","4607,39","4559,725","4438,243","2873,72","2395,178","2555,443","3062,923","2800,287","2206,386","2634,223","2945,102",2843.888,1481.138
42,Costa Rica,2108.75,"1111,35","1071,935","1257,355","1421,164","1478,366","1611,323","1612,564","1598,038","1763,481","1880,75","2305,412","2684,089","2926,911","3110,155","3336,709","3277,614","3450,907","3653,153","3715,408","3941,14","4041,943","4122,829","4227,819","4483,59","4756,337","5309,271","6194,045","6993,896","6879,266","8268,859","9270,571","10107,452","10764,529","10853,638","11635,197","11986,918","12185,259","12428,924","12691,127","12117,607","12435,577","13089,857",13805.033,11696.283
44,Cyprus,4549.59,"4352,502","4452,666","4399,223","4575,652","4824,674","6057,903","7188,216","8204,3","8635,765","10359,998","10413,726","12158,597","11342,407","12525,318","15396,919","15260,362","14323,919","15181,803","15379,835","14464,816","14905,024","16188,394","20389,178","23969,645","25527,252","27448,569","31774,607","36009,56","32650,265","31438,962","32819,465","28993,69","27601,694","26995,186","23428,592","24692,372","26746,283","29546,547","29411,884","27783,759","30957,168","29534,735",30239.866,25690.276
46,CÃ´te d'Ivoire,1736.221,"1406,871","1215,248","1043,542","1012,116","993,889","1280,028","1355,587","1357,326","1248,332","1327,006","1240,002","1268,082","1142,984","835,236","1073,949","1152,482","1084,69","1137,461","1088,344","920,472","935,446","1009,639","1216,937","1282,215","1287,97","1308,58","1458,236","1697,048","1657,596","1650,956","1660,451","1686,73","1919,162","2115,189","1932,222","1971,618","2066,845","2265,294","2227,982","2279,02","2533,744","2418,436",2496.548,760.3269999999998
47,Denmark,13886.37,"12076,174","11801,273","11852,891","11561,767","12259,279","17215,426","21349,948","22528,114","21913,155","26920,581","27052,653","29622,474","27640,496","30050,878","35471,255","35732,689","32897,57","33426,974","33492,354","30798,717","30806,607","33275,556","40512,045","46571,283","48872,095","52121,249","58641,193","64531,119","58286,537","58177,162","61864,093","58623,414","61325,575","62729,499","53478,495","54862,848","57772,553","61724,492","59678,596","61005,841","68202,07","65713,412",66393.635,52507.26499999999
50,Dominican Republic,1534.317,"1677,447","1545,099","1562,13","2397,598","1022,611","1212,354","1245,272","1113,835","1230,744","1123,244","1365,232","1573,686","1741,669","1916,439","2141,061","2309,916","2495,032","2658,543","2674,828","2894,303","3007,381","3158,393","2460,554","2540,849","4008,356","4188,715","4803,473","5194,799","5151,172","5688,751","6063,35","6274,865","6413,934","6805,662","7139,507","7521,268","7874,941","8340,961","8595,611","7553,509","8986,176","10573,148",11405.053,9870.736
51,Ecuador,2097.141,"2087,382","2026,375","1732,499","1794,733","2044,313","1461,92","1332,147","1234,671","1182,529","1173,126","1286,617","1375,712","1572,842","1858,323","1980,373","2037,13","2253,233","2257,861","1598,768","1461,838","1909,424","2180,386","2434,977","2700,118","3025,012","3351,476","3588,311","4267,473","4241,938","4633,247","5192,875","5664,886","6030,502",6347,"6099,351","6046,302","6216,606","6318,477","6260,603","5670,33","5978,915","6412,728",6587.976,4490.834999999999
52,Egypt,580.042,"617,659","711,351","846,388","925,97","1049,33","1132,456","1585,217","1858,029","2266,442","1870,847","923,843","825,448","897,202","968,914","1098,086","1209,49","1327,405","1454,957","1518,197","1636,752","1566,199","1355,278","1252,404","1195,597","1331,362","1563,739","1862,164","2271,232","2578,884","2922,796","3077,343","3379,013","3404,341","3566,092","3827,953","3797,105","2592,686","2710,1","3214,31","3802,4","4144,422","4504,369",4437.417,3857.3750000000005
53,El Salvador,827.158,"721,105","706,494","672,516","488,784","471,502","469,937","472,147","543,469","611,47","914,131","983,18","1073,311","1216,701","1380,708","1585,109","1684,786","1778,838","1886,36","1930,623","2001,538","2072,3","2124,103","2209,497","2278,432","2428,57","2631,82","2786,158","2933,395","2858,479","2983,23","3266,011","3428,409","3509,53","3589,041","3705,578","3805,992","3910,253","4052,622","4165,035","3786,963","4408,473","4883,047",5075.822,4248.664
54,Equatorial Guinea,123.403,"109,806","121,292","126,408","130,117","205,657","241,443","284,263","296,908","253,241","312,102","299,071","351,662","343,493","245,881","333,846","527,121","965,017","777,254","1251,452","1885,985","2616,487","3107,854","5424,13","8214,073","10810,445","12743,347","15782,688","22834,435","16596,742","17153,165","21479,995","21556,417","20252,748","19271,286","11217,985","9202,539","9624,532","9968,089","8355,342","7181,47","8447,959","11264,416",10086.865,9963.462
57,Eswatini,1329.789,"1359,195","1174,424","1167,158","963,592","736,012","909,797","1149,956","1320,95","1305,673","1558,18","1574,778","1703,465","1747,48","1851,22","2160,27","2005,245","2105,168","1914,241","1861,496","1818,67","1599,207","1473,717","2235,678","2797,022","3174,588","3262,223","3402,163","3214,488","3479,71","4263,91","4603,196","4628,132","4325,841","4133,645","3766,458","3513,8","4031,056","4225,743","4031,719","3535,09","4164,801","4056,177",4188.604,2858.8150000000005
58,Ethiopia,215.178,"215,599","220,557","237,661","217,423","246,507","247,981","256,699","257,56","262,233","269,082","287,651","293,35","176,465","151,965","142,808","154,564","147,254","129,859","121,551","128,621","123,892","116,452","120,601","138,282","164,937","198,696","244,495","326,82","351,341","324,285","361,829","493,321","535,264","613,101","702,767","790,82","829,313","852,011","968,253","994,197","995,67","1097,584",1226.096,1010.918
59,Fiji,2056.073,"2062,163","1941,771","1781,084","1828,856","1744,388","1954,085","1776,896","1672,492","1747,117","1959,194","2012,454","2208,958","2339,817","2590,933","2775,116","2975,914","2905,473","2282,246","2656,26","2286,992","2238,548","2467,527","3079,607","3601,622","3943,27","4041,487","4405,164","4535,432","3673,958","4004,674","4797,051","5017,72","5268,164","5611,185","5385,516","5620,575","6049,889","6272,733","6126,636","4976,203","4748,91","5341,288",5868.383,3812.31
60,Finland,11257.795,"10990,447","11036,936","10545,058","10889,934","11488,754","14998,341","18632,076","22122,56","24040,639","28489,569","25646,579","22496,237","17661,586","20429,387","26347,514","25833,03","24759,979","26074,066","26241,797","24379,783","25001,18","27008,262","32961,92","37816,081","39147,216","41308,623","48590,198","53897,91","47541,746","46647,002","51263,574","47850,555","50006,019","50434,791","42867,09","43865,756","46437,211","50032,02","48667,723","49157,627","53774,197","50818,382",51177.006,39919.211
61,France,13069.505,"11456,04","10822,037","10292,761","9697,432","10108,561","13947,316","16793,955","18240,997","18236,767","22490,289","22406,387","24590,746","23082,715","24262,184","27741,294","27720,861","25028,466","25818,37","25550,782","23212,45","23245,258","25137,402","30682,636","35016,219","36057,117","37795,916","43060,031","47155,211","43190,972","42178,577","45419,973","42372,071","44144,617","44616,455","37937,861","38348,507","40134,128","43060,59","41924,837","40377,526","45187,772","42330,451",42646.028,29576.523
62,Gabon,6093.615,"5376,616","4930,527","4619,015","4346,388","4478,468","5735,355","4245,955","4581,144","4899,234","6815,634","5993,32","6015,511","5677,618","4293,942","4956,842","5552,917","5068,093","4161,617","4222,734","4477,321","4065,933","4210,284","5015,596","5837,617","6942,698","7271,093","8652,145","10418,276","7856,853","8933,306","10893,464","9903,41","9760,747","9746,786","7453,114","7082,218","7370,349","8220,504","8111,34","7277,369","9482,513","10281,775",9849.729,3756.1139999999996
63,"Gambia, The",1007.791,"907,551","827,984","800,7","552,842","645,904","484,263","623,605","695,347","701,786","790,827","801,579","830,589","840,415","804,334","815,289","826,192","818,814","815,332","811,257","766,199","737,063","631,566","581,319","642,755","665,721","662,362","780,379","924,514","833,282","860,639","762,761","742,78","700,515","607,429","649,511","683,998","676,656","729,035","768,921","747,886","816,38","846,171",882.469,-125.322
65,Germany,11109.741,"9329,591","9014,978","9025,206","8537,765","8678,853","12387,01","15411,529","16514,654","16232,121","20249,138","23453,063","26538,043","25602,961","27233,549","31829,61","30664,299","27170,747","27528,158","26984,243","23924,876","23869,773","25460,334","30668,849","34534,814","35020,197","36894,468","42299,862","46367,859","42338,713","42379,71","46697,376","43883,393","46299,371","48035,802","41107,222","42124,196","44636,833","47961,036","46798,83","46735,314","51237,643","48397,797",49430.056,38320.314999999995
66,Ghana,3489.497,"5537,473","6271,521","4114,248","1391,717","1213,391","1094,395","895,18","930,23","924,067","1045,595","1142,797","1102,843","881,079","793,796","918,741","950,015","945,584","1002,604","1012,277","606,501","630,698","714,42","860,469","973,287","1151,305","1320,283","1520,642","1688,077","1477,649","1757,045","2131,746","2197,908","2405,768","2003,714","1784,248","1982,239","2086,598","2275,772","2265,715","2274,572","2521,387","2368,814",2130.131,-1359.366
67,Greece,5898.163,"5376,978","5576,511","5008,015","4854,243","4791,75","5623,163","6522,421","7568,289","7812,784","9597,714","10196,17","11139,445","10363,63","11029,098","12887,889","13660,507","13370,349","13412,55","13784,361","12164,719","12473,285","14065,791","18378,281","21829,501","22417,643","24648,873","28656,233","31902,014","29577,642","26743,4","25437,01","21845,045","21712,016","21554,224","18023,869","17906,08","18552,181","19750,743","19130,444","17603,435","20263,285","20875,779",21371.686,15473.523000000001
68,Grenada,1245.62,"1276,37","1346,874","1372,669","1477,916","1678,085","1872,462","2162,546","2408,732","2757,871","2887,011","3117,904","3192,22","3153,808","3272,547","3411,983","3632,676","3861,381","4370,62","4705,807","5056,978","5041,015","5213,797","5682,707","5741,653","6644,217","6658,218","7213,002","7832,366","7290,821","7258,182","7291,739","7444,082","7789,618","8370,031","9096,535","9628,26","10152,834","10466,805","10834,496","9273,2","9856,433","10476,518",11155.907,9910.287
69,Guatemala,1070.284,"1140,215","1126,186","1139,957","1163,059","1338,718","705,755","796,957","841,769","946,757","808,879","966,003","1045,432",1110,"1228,967","1348,884","1408,233","1559,644","1656,359","1527,239","1555,638","1654,953","1795,772","1847,291","1951,798","2151,742","2336,955","2556,76","2873,086","2654,1","2836,06","3172,124","3267,792","3397,625","3632,101","3825,882","3982,02","4233,007","4247,463","4379,802","4318,636","4687,768","4879,866",5006.655,3936.3709999999996
71,Guinea-Bissau,370.185,"463,692","516,549","570,682","388,702","559,368","534,912","444,504","406,033","478,384","571,817","787,213","843,597","636,881","344,118","725,815","676,103","628,438","517,661","496,411","327,943","338,362","374,5","435,072","447,804","482,181","467,998","543,408","672,251","613,569","644,344","775,206","688,497","711,927","712,826","707,897","748,089","864,141","894,667","836,954","838,847","917,86","856,62",873.769,503.584
72,Guyana,1101.855,"1055,839","904,864","921,541","861,055","924,305","1053,703","982,258","1125,871","1146,242","950,968","1036,884","1145,783","1392,984","1626,898","1832,399","2048,527","2161,647","2035,856","2010,769","2017,2","2023,617","2092,961","2144,109","2232,996","2305,907","2551,768","2982,217","3329,637","3457,367","3837,303","4402,775","5360,276","5476,744","5402,703","5579,974","5796,819","6104,158","6120,536","6594,375","6952,702","9777,573","18744,631",21162.336,20060.481
73,Haiti,447.907,"484,33","494,856","521,763","567,915","619,461","676,077","327,179","212,61","192,614","240,23","211,528","124,533","147,025","397,214","618,383","626,299","706,797","773,837","847,945","794,059","720,822","684,333","540,556","660,218","773,35","794,79","991,684","1074,359","1168,747","1175,199","1269,346","1316,496","1408,807","1408,669","1359,209","1263,434","1337,16","1441,864","1277,213","1235,476","1765,242","1672,69",1791.914,1344.007
74,Honduras,1080.431,"1066,902","1091,787","1111,123","1183,298","1232,425","1287,141","1362,483","1469,405","1635,7","993,487","911,761","942,61","919,585","836,608","948,437","888,006","948,715","1023,398","1003,065","1093,106","1133,185","1134,068","1158,179","1217,816","1308,089","1430,056","1583,048","1739,357","1789,707","1904,346","2088,311","2144,337","2102,595","2206,056","2302,204","2342,024","2451,936","2506,62","2568,062","2396,648","2816,187","2969,35",3079.512,1999.0810000000001
75,Hong Kong SAR,5703.963,"5995,182","6139,013","5590,161","6170,503","6490,372","7380,118","9015,195","10527,458","12012,634","13374,312","15297,577","17710,506","20065,68","22194,005","23070,541","24698,956","27214,595","25649,085","24969,005","25574,491","25166,902","24731,081","23856,482","24873,898","26551,769","28028,157","30494,551","31487,94","30593,991","32421,361","34955,147","36623,745","38233,352","40185,303","42325,352","43488,204","46025,665","48310,038","48274,944","46443,583","49865,353","49699,594",52132.076,46428.113
76,Hungary,2151.468,"2207,127","2249,984","2046,399","1989,903","2022,961","2338,799","2582,847","2838,561","2909,702","3312,337","3350,242","3733,447","3871,071","4170,571","4491,215","4520,76","4591,492","4738,015","4786,245","4619,293","5269,607","6644,61","8410,769","10275,774","11188,448","11469,411","13904,826","15742,787","13035,623","13173,209","14195,846","12935,511","13665,526","14251,799","12690,167","13086,074","14608,721","16423,28","16731,469","16044,088","18732,38","18982,752",20118.669,17967.201
77,Iceland,15129.182,"15449,046","14003,083","11857,373","12130,436","12506,275","16571,593","22776,756","24820,302","22627,388","25629,431","27159,576","27357,171","23725,669","24117,987","26682,487","27713,605","28048,848","31219,801","32577,642","32344,364","29061,339","32516,441","39620,411","47579,937","57405,559","58238,886","70375,326","57296,251","41188,906","43293,021","47798,807","46159,8","50100,084","54864,159","53227,627","62530,419","73085,132","75374,147","69542,649","59578,822","69422,382","73981,336",77960.826,62831.644
78,India,271.031,"274,726","277,965","296,291","281,099","302,945","315,161","346,171","357,799","352,182","374,002","308,37","322,512","306,44","352,172","380,321","406,968","422,809","420,573","449,751","451,089","459,491","479,248","556,316","638,787","726,917","814,353","1046,898","1019,511","1121,248","1384,174","1458,106","1443,882","1449,61","1573,885","1605,605","1732,554","1980,668","1998,259","2072,246","1933,1","2279,514","2465,865",2691.196,2420.165
79,Indonesia,673.239,"736,992","741,946","659,474","672,201","658,217","610,234","562,902","621,934","696,874","770,757","847,573","907,767","1013,057","1115,613","1254,023","1394,497","1308,114","572,09","829,574","870,154","834,139","1002,907","1186,845","1280,696","1403,876","1764,79","2064,232","2418,043","2464,956","3178,133","3688,531","3744,53",3684,"3533,606","3367,691","3605,721","3885,465","3947,248","4194,086","3930,973","4361,16","4691,236",5005.483,4332.244000000001
80,Iran,2439.396,"2485,685","2965,579","3560,281","3531,17","3793,905","4225,457","5467,98","6009,203","7133,821","10661,483","5445,574","890,842","1121,078","1368,369","1941,99","2631,462","3018,96","3314,906","4400,622","5776,857","5124,766","2020,838","2353,361","2764,807","3291,94","3863,502","5045,686","5890,712","6016,8","6983,777","8322,46","5548,306","5561,453","5910,083","5172,134","5730,831","6005,051","6288,938","7842,602","11556,954","18739,308","23033,523",23619.064,21179.667999999998
82,Ireland,6252.207,"5886,368","6078,144","5839,832","5591,81","5934,548","7993,15","9419,506","10365,284","10754,616","13644,791","13748,196","15331,894","14262,798","15455,354","19086,797","20781,392","22468,61","24202,501","26233,712","26186,264","28120,1","32482,077","40940,136","47389,262","50476,482","53738,836","60770,052","60989,977","51943,467","48620,625","52122,087","49029,287","51472,086","55542,018","61902,659","62668,052","69685,259","78988,565","80690,152","85225,087","100129,453","102217,439",106997.402,100745.195
83,Israel,6356.512,"6687,246","7040,572","7688,749","7186,116","6562,369","7955,128","9349,086","11391,527","11394,325","13035,678","13924,043","15021,162","14708,299","16367,635","18927,89","20153,193","20410,422","20119,211","19766,941","21641,299","20918,337","19044,915","19634,852","20565,767","21233,796","22501,119","25647,697","30182,526","28330,228","31278,046","34366,858","33170,022","36957,353","38276,63","36221,118","37701,931","41131,719","42422,85","44466,798","44850,441","52151,927","55358,835",58273.435,51916.922999999995
84,Italy,8559.468,"7749,767","7652,888","7936,213","7840,76","8093,591","11461,158","14385,826","15934,159","16560,648","20651,767","21795,672","23116,604","18572,914","19149,546","20675,32","23094,426","21858,45","22348,051","22029,683","20153,067","20505,939","22386,279","27580,457","31342,833","32031,448","33448,085","37828,34","40818,96","36982,806","35815,593","38276,034","34743,751","35534,99","35836,161","30463,696","31190,776","32648,756","34917,563","33627,862","31707,096","35472,803","33739,75",33662.304,25102.835999999996
85,Jamaica,1214.379,"1310,503","1479,509","1289,23",948,"878,359","1034,771","1158,596","1372,734","1588,557","1971,695","1799,773","1804,411","2249,32","2234,803","2660,153","2975,134","3347,367","3467,544","3473,435","3510,575","3529,711","3709,572","3586,441","3855,674","4241,399","4494,63","4829,296","5134,246","4507,186","4894,369","5332,52","5448,456","5238,147","5105,511","5204,825","5183,462","5413,03","5729,757","5781,785","5102,762","5614,81","5870,1",5984.114,4769.735
86,Japan,9659,"10574,371","9772,809","10636,463","11205,352","11815,804","17466,671","21177,787","25575,098","25336,199","25895,956","29511,775","32069,069","36425,222","39953,195","44210,242","39164,322","35651,27","32436,923","36622,885","39172,963","34410,68","32832,296","35410,222","38307,096","37819,1","36021,9","35847,226","39992,06","41469,773","45135,796","48760,905","49175,054","40934,756","38522,771","35005,656","39411,424","38903,298","39850,367","40566,311","39981,484","39301,07","34357,864",35033.911,25374.911
87,Jordan,1694.589,"1835,938","1884,123","1899,891","1841,321","1778,343","2190,163","2222,874","2002,619","1290,011","1203,194","1191,517","1391,966","1357,66","1449,044","1494,348","1509,576","1541,175","1650,348","1670,089","1703,199","1773,963","1858,309","1934,83","2108,801","2251,553","2591,481","2820,767","3454,31","3559,692","3736,645","3852,89","3915,87","4050,139","4137,283","4169,99","4181,254","4237,443","4314,243","4411,709","4288,805","4412,028","4666,199",4929.731,3235.142
89,Kenya,855.471,"776,778","721,655","644,505","646,568","622,803","716,685","758,168","759,5","728,334","737,217","674,688","644,604","434,817","505,909","623,714","686,847","677,772","742,089","647,889","617,147","617,055","611,901","668,483","692,718","778,333","854,992","1028,239","1118,769","1123,268","1176,311","1178,599","1396,22","1490,422","1613,101","1625,176","1688,852","1805,398","1983,028","2107,735","2072,81","2219,239","2255,48",2258.053,1402.5819999999999
90,Kiribati,710.42,"734,209","670,98","620,845","667,442","499,974","479,459","529,522","649,788","627,533","594,271","642,924","643,903","621,703","715,435","720,549","847,867","840,499","806,333","833,736","803,324","734,58","827,798","1020,831","1132,962","1214,941","1168,998","1377,365","1456,192","1331,192","1512,468","1726,239","1783,594","1715,889","1628,35","1537,93","1587,423","1649,393","1696,174","1513,51","1519,519","1705,808","1672,824",1731.738,1021.3180000000001
91,"Korea, Republic of",1714.62,"1883,456","1992,29","2198,939","2413,291","2482,4","2834,888","3554,62","4748,676","5817,065","6609,985","7637,199","8126,451","8886,386","10381,18","12565,033","13402,925","12416,754","8271,412","10666,862","12263,471","11563,04","13159,675","14672,418","16482,75","19398,494","21730,952","24083,338","21387,709","19139,732","23077,161","25100,188","25459,168","27179,519","29252,933","28737,439","29274,232","31600,735","33447,154","31902,417","31728,304","35003,822","33591,577",34767.205,33052.585
93,Kuwait,20966.177,"17631,854","14417,541","12973,988","13410,421","12670,687","9653,473","10956,483","9640,407","11359,505","8588,145","7960,513","13989,932","16213,488","13549,775","13871,989","15068,13","13740,681","11424,919","13358,134","17012,776","15108,112","15759,074","18786,749","21585,563","27014,773","31907,199","33732,522","42827,126","30414,739","32216,413","41657,444","45726,188","44754,341","40278,045","27398,083","25267,146","27194,073","29903,564","28513,431","22683,638","28665,167","38123,224",35255.065,14288.888000000003
95,Lao P.D.R.,596.196,"341,873","334,404","596,412","831,39","1017,414","691,926","473,879","300,081","360,325","414,261","474,15","528,183","578,467","654,369","741,537","753,99","696,054","259,296","270,226","323,04","324,75","335,686","405,322","468,205","535,248","672,947","800,15","983,374","1045,979","1201,126","1412,137","1581,818","1830,284","1997,957","2138,833","2323,281","2452,861","2567,549","2620,925","2546,097","2513,244","2172,151",1984.289,1388.0929999999998
98,Lesotho,340.852,"337,16","273,569","293,235","267,36","208,686","233,93","291,915","322,488","325,872","382,327","427,81","477,277","465,397","480,692","514,122","490,549","516,861","475,868","466,514","453,282","374,971","410,133","592,302","738,561","791,265","809,56","930,798","868,532","1011,42","1222,197","1324,607","1261,443","1191,994","1250,627","1106,83","1105,765","1166,068","1150,976","1122,337","999,205","1181,104","1186,744",1208.123,867.2710000000001
100,Libya,13449.648,"11107,625","10575,644","9671,452","8681,163","8586,407","6733,969","6002,067","5981,627","6070,096","7424,17","8026,293","7950,512","6998,262","6391,134","7102,861","7608,817","7663,003","6171,767","7294,482","7625,01","6693,083","3956,483","4986,326","6180,388","8739,202","10561,373","11801,274","14762,577","10202,806","12478,016","8132,317","14728,067","12025,599","9166,555","7706,743","7817,63","10414,137","11773,757","10526,294","7056,745","5813,324","6025,68",6391.76,-7057.887999999999
102,Luxembourg,17666.745,"15190,085","12464,023","12234,668","11984,274","12393,783","17950,002","22149,518","24875,488","26226,903","33066,888","35346,49","39061,02","39483,057","43306,887","50705,085","49718,865","44202,559","45636,553","49341,225","48984,173","48719,11","53227,552","66160,476","77030,646","81728,632","91478,072","108343,849","121616,145","110249,419","112049,15","120526,246","113953,492","121423,168","125200,137","106710,076","107948,199","111211,579","118466,355","114357,509","117063,654","136701,396","127672,531",128819.444,111152.69900000001
104,Madagascar,599.371,"534,073","522,936","498,801","404,876","383,873","427,478","307,636","297,42","288,402","347,714","280,355","311,649","331,998","279,38","295,539","368,663","309,351","310,104","292,558","307,335","350,5","334,838","387,055","298,635","335,388","355,397","459,855","561,654","488,901","492,67","553,45","538,541","560,939","548,905","481,807","489,439","528,379","535,948","531,75","477,545","506,905","521,578",539.635,-59.73599999999999
105,Malawi,460.392,"447,79","416,18","419,657","400,328","358,713","354,471","327,758","354,718","384,328","420,593","523,591","422,469","483,263","278,145","319,894","512,064","583,417","373,078","368,272","352,65","338,478","384,137","345,163","365,696","377,042","400,898","432,115","504,65","571,113","623,414","695,331","506,3","446,999","484,322","497,737","415,016","466,559","501,113","543,685","567,59","558,872","522,963",482.55,22.158000000000015
106,Malaysia,1926.963,"1920,127","2006,482","2189,553","2419,501","2154,458","1864,031","2070,009","2213,866","2380,512","2585,824","2885,098","3380,219","3717,374","4028,37","4672,139","5176,282","4996,967","3520,915","3762,771","4347,727","4189,053","4441,812","4740,324","5244,861","5678,747","6354,977","7485,942","8771,026","7550,251","9054,109","10413,693","10815,088","10858,449","11172,4","9663,283","9544,246","9969,495","11086,113","11231,539","10361,276","11407,678","13107,875",13942.624,12015.661
107,Maldives,412.508,"464,914","534,906","560,243","646,388","737,78","835,636","769,824","897,934","987,814","1091,55","1184,664","1343,012","1479,446","1591,14","1903,127","2107,605","2553,949","2658,803","2842,658","2967,253","2780,451","2952,215","3690,792","4238,041","3960,43","5268,793","6128,48","7337,951","7450,805","8086,697","8078,305","8719,582","9766,235","10787,471","11781,029","12348,712","13200,955","14479,839","15056,424","9882,737","13539,302","15097,148",16439.527,16027.018999999998
108,Mali,286.454,"229,416","198,621","187,965","184,082","182,083","249,094","286,223","283,437","340,745","381,395","380,32","381,039","369,975","275,823","348,164","347,271","317,786","321,178","323,608","270,663","307,708","336,179","393,308","440,758","489,293","523,071","597,55","697,011","700,95","710,854","837,458","779,118","805,046","848,522","751,553","780,509","829,713","895,211","879,08","863,787","918,129","857,976",876.084,589.6299999999999
109,Malta,3811.847,"3691,859","3467,399","3262,692","3114,332","3126,09","3953,405","4898,042","5522,986","5728,285","6811,662","7215,068","7945,163","7009,556","7684,416","8978,862","9107,638","9147,98","9621,951","9983,877",10482,"10447,791","11346,456","13730,313","15260,887","15930,142","16818,012","19696,182","22378,184","21223,678","21842,065","23222,385","22674,787","24972,679","27080,097","25228,175","25897,872","29295,32","32175,984","31866,528","28997,27","33667,367","32912,469",33792.944,29981.097
112,Mauritius,1268.107,"1186,583","1124,4","1179,733","1080,41","1085,141","1454,116","1827,431","2104,548","2146,046","2555,86","2781,631","3091,412","3148,796","3446,307","3902,222","3993,479","3703,632","3701,865","3859,149","4102,593","4026,943","4196,429","5005,417","5626,004","5516,198","5695,975","6574,664","8030,052","7318,126","8000,376","9197,043","9291,236","9637,016","10151,727","9258,563","9681,416","10485,014","11205,369","11099,233","8625,9","8827,236","9111,606",9831.895,8563.788
113,Mexico,3383.685,"4238,762","3002,229","2390,4","2755,013","2859,223","1937,362","2080,398","2493,816","2979,921","3450,198","4059,987","4624,006","5636,355","5841,023","3920,738","4405,105","5283,079","5477,928","6157,249","7166,141","7558,975","7607,443","7088,462","7501,914","8303,985","9102,514","9680,432","10053,737","8029,296","9299,455","10232,411","10271,406","10758,984","10967,113","9657,118","8788,588","9342,92","9753,667","10025,539","8528,109","10061,534","10947,978",11250.506,7866.821
118,Morocco,1225.162,"969,427","953,625",842,"752,276","741,671","956,731","1030,891","1193,495","1200,484","1351,477","1418,36","1453,799","1340,915","1482,246","1600,891","1745,451","1561,011","1644,07","1614,862","1486,874","1489,701","1573,474","1914,006","2163,479","2232,943","2427,111","2759,515","3189,202","3162,861","3134,699","3367,347","3224,711","3463,601","3527,712","3235,57","3235,218","3401,256","3615,592","3622,679","3375,265","3934,31","3896,214",4067.572,2842.41
119,Mozambique,396.816,"300,914","300,392","263,659","270,38","353,788","413,827","187,301","164,966","171,727","271,733","272,614","191,23","189,937","187,082","187,295","241,649","283,513","313,064","346,574","319,358","296,268","302,546","326,075","383,27","416,811","435,334","482,198","563,649","520,403","471,904","594,586","657,645","664,078","673,969","589,86","428,927","461,415","504,536","508,164","454,063","491,839","542,095",578.905,182.089
123,Nepal,150.32,"171,788","169,629","181,32","187,418","190,268","202,463","205,448","236,915","234,002","234,93","250,449","221,485","231,46","235,438","249,269","250,955","266,826","259,85","262,135","272,997","275,947","275,646","287,747","326,363","362,378","395,692","446,328","536,55","545,357","675,597","801,829","804,141","823,321","844,495","901,75","899,524","1048,454","1178,526","1194,957","1158,552","1208,771","1292,959",1371.215,1220.895
124,Netherlands,13750.491,"11429,727","11013,574","10682,307","9904,974","10008,042","13875,191","16895,4","17956,109","17597,26","21581,579","22057,794","24191,955","23356,332","24935,531","29350,802","29084,068","26808,388","28018,706","28393,845","26327,855","26996,17","29401,972","35814,268","40477,3","42054,884","44936,006","51880,384","58015,396","52807,447","51165,823","54342,114","50175,559","52276,986","53026,478","45302,804","46165,177","48799,874","53224,694","52672,504","52222,364","57996,912","56297,803",57628.607,43878.116
125,New Zealand,7245.874,"7502,04","7369,526","7063,323","6959,7","6942,517","8372,339","11187,924","13641,732","13101,222","13440,096","12425,793","11755,018","12535,612","14607,342","16938,736","18504,602","18205,45","14888,907","15347,397","14020,44","13669,672","15706,814","20461,053","24848,791","27384,485","26220,693","31914,646","31763,881","28269,099","33393,86","38060,064","39683,244","42084,297","44283,209","38213,549","39426,128","42293,952","42765,322","42342,994","41390,925","48317,418","47278,493",49008.471,41762.596999999994
127,Niger,609.433,"510,028","458,113","395,659","310,002","295,81","378,695","430,394","426,027","394,734","435,341","394,9","393,718","343,177","211,016","241,954","243,965","224,475","250,234","231,66","197,275","207,769","227,424","267,409","285,388","320,923","335,334","389,256","477,27","462,267","476,062","511,488","528,918","551,554","562,885","484,171","497,882","517,771","572,564","553,905","568,348","595,235","561,222",573.571,-35.861999999999966
130,Norway,15746.262,"15484,681","15196,29","14906,174","14968,787","15728,224","18853,07","22445,038","24143,118","24245,447","28187,181","28514,498","30432,89","27880,632","29236,375","34790,001","37225,29","36561,409","34717,064","36278,339","38047,948","38494,685","42997,959","50046,34","57512,221","66687,757","73970,24","84915,639","96563,223","79746,888","87356,193","100197,171","101129,905","102576,68","96657,575","74115,155","70223,817","75306,667","82082,117","75594,048","67265,894","89041,586","92645,973",88748.76,73002.49799999999
131,Oman,5357.779,"6019,899","6317,029","6148,449","6324,402","7025,7","5214,195","5145,493","5001,098","5278,566","7267,924","6806,242","7213,061","6995,28","7010,595","7284,846","7869,076","7983,97","6920,864","7554,515","9266,358","9088,213","9285,343","9792,637","11042,532","13563,457","15946,355","17716,421","25061,257","19235,875","21677,793","23518,573","24129,012","23328,489","23219,693","18924,97","17020,387","17731,849","19885,103","19069,311","16640,426","18966,247","23541,507",23193.169,17835.39
134,Panama,2071.041,"2288,369","2469,136","2477,122","2527,53","2614,785","2658,349","2613,099","2211,665","2171,726","2312,985","2489,709","2770,951","2963,32","3095,157","3099,915","3580,929","3791,269","4027,322","4136,061","4111,712","4094,966","4172,689","4312,62","4638,716","4965,212","5401,562","6127,034","7110,228","7532,399","8039,764","9314,687","10674,487","11841,893","12756,952","13606,597","14344,087","15178,301","15612,598","15877,566","12615,878","14664,31","16172,621",17153.673,15082.631999999998
135,Papua New Guinea,1380.844,"1319,408","1223,39","1194,658","1079,594","975,967","1039,809","1159,833","1565,167","1455,035","1265,882","1444,104","1546,581","1713,713","1834,984","1581,631","1639,773","1527,441","1138,365","1013,232","1007,517","862,099","814,701","995,275","1111,943","1269,526","1411,902","1576,159","1883,527","1833,09","2132,185","2552,043","2865,783","2800,173","2992,711","2742,919","2567,582","2755,488","2861,448","2877,577","2809,516","3049,938","3427,214",3569.296,2188.4519999999998
136,Paraguay,1299.661,"1608,463","1636,527","1762,992","1390,886","1154,145","1335,761","1084,695","1392,417","977,835","1185,277","1585,242","1592,055","1580,207","1681,396","1897,134","2008,188","2003,578","1824,648","1706,395","1675,793","1577,681","1312,083","1377,521","1693,886","1857,78","2285,125","2988,684","4054,044","3623,931","4329,69","5301,834","5153,417","5892,846","6065,282","5360,077","5265,061","5608,156","5703,324","5299,667","4885,396","5279,387","5615,392",5906.583,4606.922
137,Peru,1164.828,"1373,068","1332,455","1011,725","1018,785","861,599","1263,729","2040,65","1579,545","1908,456","1301,465","1530,736","1562,58","1487,861","1839,228","2147,428","2193,686","2272,351","2141,114","1903,93","1940,238","1935,546","2017,765","2159,744","2408,091","2669,214","3106,719","3587,798","4209,038","4179,71","5055,521","5736,12","6407,63","6647,517","6583,999","6164,215","6207,429","6776,888","7051,59","7006,337","6145,031","6678,888","7004,793",7353.429,6188.601000000001
138,Philippines,774.484,"829,816","843,471","735,714","678,342","645,597","615,047","666,915","744,307","816,961","828,821","830,407","946,762","949,733","1094,543","1237,311","1316,406","1279,835","988,487","1112,353","1087,287","1003,957","1050,297","1062,619","1137,068","1261,267","1470,825","1764,683","2011,633","1923,674","2237,157","2473,249","2721,252","2903,189","2995,504","3039,234","3107,646","3153,314","3279,519","3512,195","3325,836","3576,101","3597,483",3763.696,2989.212
139,Poland,1595.047,"1497,841","1803,464","2056,958","2042,04","1899,817","1965,541","1691,129","1819,392","1772,091","1629,047","2105,486","2315,647","2351,742","2692,704","3612,264","4066,179","4075,977","4459,097","4348,147","4485,064","4987,859","5205,517","5699,557","6684,675","8023,921","9031,797","11252,863","13999,496","11532,283","12619,616","13879,525","13096,89","13688,355","14272,29","12563,614","12438,523","13868,906","15468,264","15726,878","15801,557","17945,751","19023,228",20045.238,18450.191000000003
140,Portugal,3338.764,"3296,654","3095,096","2838,655","2596,075","2716,645","3774,582","4724,451","5532,62","5977,577","7957,244","9026,301","10863,487","9547,643","9977,615","11787,315","12187,582","11594,755","12216,689","12487,712","11531,467","11734,878","12927,584","15793,852","18055,893","18790,561","19840,474","22813,667","24946,256","23126,175","22539,038","23213,126","20576,825","21653,505","22109,318","19252,015","19986,362","21482,834","23573,299","23333,317","22176,752","24296,069","24910,413",25486.345,22147.581000000002
141,Puerto Rico,4507.15,"4940,784","5146,929","5257,186","5777,438","6058,641","6495,499","6987,398","7579,339","8094,29","8675,576","9093,48","9687,443","10255,532","10942,949","11667,589","12305,024","12968,394","14430,159","15293,182","16192,127","18243,709","18972,77","19820,208","20988,989","21959,317","22935,951","23664,874","24898,335","25768,726","26435,742","27278,853","27944,742","28513,15","28981,343","29755,35","30585,55","31347,273","32789,063","32785,938","32645,395","34751,943","38442,851",40360.177,35853.027
142,Qatar,27242.483,"27819,566","22657,373","18003,756","17496,536","15495,701","11644,458","11773,23","10853,896","11039,938","13150,172","11500,519","13038,976","11797,162","12009,396","13689,653","15143,479","18841,6","15421,783","19689,651","30461,311","28600,029","30701,131","35919,758","42548,115","54357,783","60591,776","65934,266","72484,634","53822,909","69796,138","96827,857","101933,117","99180,39","93054,141","66346,911","57965,377","59127,513","66421,617","63007,696","53797,937","68621,644","82886,789",89416.443,62173.96
143,Romania,2052.081,"2450,352","2441,211","2125,157","1710,302","2101,997","2264,368","2517,949","2593,057","2314,744","1641,855","1241,063","847,68","1147,325","1317,048","1563,117","1565,472","1571,689","1885,349","1600,881","1661,714","1802,675","2113,596","2672,811","3483,726","4604,45","5740,402","8262,407","10385,848","8517,598","8194,719","9075,961","8491,033","9530,441","10021,543","8942,2","9520,439","10776,672","12361,143","12863,245","12908,811","14794,858","15618,842",16227.527,14175.446
145,Rwanda,292.782,"320,559","329,641","339,297","317,361","364,611","399,283","428,416","442,811","447,143","417,717","298,957","317,043","325,858","223,451","245,276","268,93","345,662","338,306","284,166","266,055","248,99","242,079","257,475","277,634","334,407","368,508","442,135","545,188","584,677","612,224","674,655","728,668","730,465","748,658","755,951","755,737","784,138","797,48","836,716","804,188","854,106","912,744",967.735,674.953
146,Saint Kitts and Nevis,1338.747,"1609,725","1847,251","1829,835","2144,801","2406,13","2851,256","3289,063","3926,955","4392,77","4969,878","4912,915","5386,942","5806,085","6407,518","6819,77","7195,174","8010,438","8260,891","8670,829","9279,584","9962,552","10304,318","9922,475","10566,955","11256,635","13095,2","13845,794","15451,231","15215,837","15136,905","16076,845","15710,513","16464,037","17753,633","17654,127","18397,052","19144,1","19269,742","20600,562","17179,482","16467,439","19128,582",20392.194,19053.447
147,Saint Lucia,1460.566,"1644,56","1530,981","1626,185","2045,254","2277,65","2681,815","2919,984","3292,757","3665,974","4318,353","4508,777","4875,118","4919,333","5025,99","5268,224","5360,217","5381,926","5769,087","5993,941","5974,607","5648,003","5651,436","6143,315","6562,958","6906,08","7617,155","7905,251","8375,139","8495,818","8942,422","9370,899","9450,413","9723,404","10133,558","10371,025","10610,102","11261,695","11511,572","11646,007","8377,892","9287,907","10762,966",11678.357,10217.791
148,Saint Vincent and the Grenadines,903.445,"1110,425","1227,421","1309,102","1435,282","1537,223","1686,1","1828,411","2077,695","2211,424","2456,285","2584,104","2815,081","2896,038","2924,036","3188,478","3340,515","3500,225","3755,704","3922,719","3973,449","4284,994","4518,089","4710,272","5082,069","5353,688","5933,621","6572,506","6740,48","6564,113","6613,132","6544,688","6686,015","6988,344","7028,297","7154,784","7390,469","7675,532","8001,555","8228,633","7878,665","7948,507","8546,1",9431.212,8527.767
151,Saudi Arabia,17655.087,"18832,078","14912,688","11972,195","10558,736","8732,759","6955,067","6524,173","6398,832","6583,297","7734,968","8280,174","8077,748","7685,993","7626,361","7893,412","8527,656","8706,346","7525,302","8092,705","9256,515","8778,41","8822,493","9800,521","11467,103","14068,215","15603,985","16666,601","20157,29","16094,686","19163,342","23654,859","25208,174","24892,984","24929,318","21063,315","20288,897","21113,962","24438,46","23485,075","20088,522","23507,276","27941,493",27008.76,9353.672999999999
152,Senegal,767.972,"677,895","645,372","559,501","529,936","563,251","773,09","902,228","865,668","828,149","936,148","894,485","930,568","852,61","560,956","693,418","706,864","642,569","686,369","689,683","614,004","648,446","680,83","831,623","931,745","993,237","1027,786","1197,551","1403,795","1307,516","1272,622","1366,534","1318,614","1372,686","1397,017","1219,373","1269,553","1361,221","1458,73","1436,224","1465,244","1606,604","1558,144",1639.347,871.375
154,Seychelles,2329.353,"2403,455","2293,938","2280,452","2338,076","2588,553","3165,945","3638,988","4128,118","4407,201","5302,844","5314,655","6128,346","6559,088","6555,429","6748,825","6583,091","7280,929","7715,784","7747,491","7578,829","7663,083","8431,923","8524,935","10176,659","11093,314","12014,418","12155,702","11480,433","9707,265","10805,099","11647,017","11999,897","14762,223","15189,416","15199,436","15887,009","16659,124","17059,796","17454,845","12981,866","14861,485","20265,681",21320.351,18990.998
155,Sierra Leone,479.601,"501,744","552,581","469,374","539,979","450,535","330,043","281,362","451,564","405,247","219,455","261,748","228,231","259,186","308,752","295,71","318,646","286,074","223,939","218,906","205,251","228,033","251,704","265,323","264,775","285,106","323,259","360,425","409,443","391,213","401,835","448,324","566,37","716,148","713,53","592,903","525,948","495,812","533,972","521,396","508,812","509,482","493,572",471.606,-7.9950000000000045
156,Singapore,5004.992,"5672,105","6000,032","6717,837","7160,262","6788,387","6870,769","7794,688","9328,951","10725,743","12763,342","14501,96","16136,244","18290,132","21552,408","24914,851","26232,869","26375,868","21829,278","21796,642","23852,834","21699,748","22159,833","23730,379","27608,075","29961,308","33768,446","39432,895","40008,577","38926,813","47236,672","53891,462","55547,546","56967,426","57564,802","55645,607","56858,505","61149,62","66857,273","65833,2","60727,616","72794,906","79426,141",84500.411,79495.419
159,Solomon Islands,793.126,"812,613","782,732","711,899","691,205","611,271","529,413","540,763","598,343","570,057","689,006","709,335","815,269","885,84","1153,332","1306,619","1381,745","1385,672","1171,2","1215,243","1017,406","965,95","795,547","788,627","867,004","1014,727","1119,606","1260,254","1389,07","1428,612","1604,149","1938,79","2131,462","2250,738","2274,897","2168,622","2227,007","2310,831","2474,433","2417,324","2243,993","2332,982","2239,622",2329.277,1536.151
161,South Africa,3074.684,"3122,686","2806,158","3062,892","2633,905","1955,165","2176,064","2801,31","2954,825","3004,44","3425,585","3587,879","3802,578","3716,193","3786,21","4145,21","3869,7","3937,658","3508,14","3423,595","3382,066","2964,029","2791,18","4209,22","5415,089","6033,211","6276,173","6776,465","6355,879","6552,265","8130,193","8799,477","8207,059","7458,04","6984,926","6256,667","5750,785","6678,292","6972,702","6609,041","5661,013","6965,188","6738,926",6812.818,3738.134
163,Spain,6128.024,"5381,909","5171,535","4501,838","4471,654","4694,759","6477,301","8187,29","9598,667","10566,133","13693,638","14697,501","16013,155","13409,697","13419,62","15475,607","16095,75","14782,949","15457,11","15814,188","14761,108","15400,911","17097,916","21501,074","24932,129","26438,031","28414,133","32588,562","35484,39","32131,382","30566,877","31676,69","28344,776","29084,958","29524,755","25764,215","26535,546","28196,759","30423,167","29576,25","27039,18","30089,517","29198,086",29729.167,23601.143
165,Sudan,486.908,"339,389","239,807","318,513","375,019","253,184","328,588","516,781","404,705","696,391","87,197","95,292","113,476","186,506","205,922","239,507","292,909","350,723","366,582","352,442","422,316","492,676","554,652","635,575","772,939","996,677","1249,767","1599,596","1700,513","1401,244","1637,419","2034,461","1396,292","1462,582","1628,497","1679,025","1638,638","1199,177","796,298","776,549","775,258","772,34","916,033",929.402,442.494
167,Sweden,16877.243,"15396,745","13576,621","12470,948","12976,142","13549,507","17852,72","21629,289","24339,27","25412,176","30253,863","31490,221","32584,883","24351,052","25978,285","30246,923","32986,123","30307,156","30585,081","30928,571","29589,141","27207,49","29846,186","37249,257","42736,876","43349,851","46425,841","53496,534","55929,862","46734,909","52658,794","60540,218","57816,023","60845,007","59704,814","51274,278","51590,473","53459,072","54295,731","51694,498","52706,294","60815,535","56361,425",60473.031,43595.788
168,Switzerland,19426.638,"17699,844","18027,725","17865,396","17019,366","17187,864","24529,567","30520,621","32794,286","31440,365","39842,782","39811,005","40883,18","39375,507","43226,544","50287,785","48171,684","41623,116","42719,725","41765,236","38970,184","39832,203","42656,564","49512,213","54782,269","56379,113","59212,284","65364,922","74664,614","71886,617","76830,127","90936,62","86280,525","87873,415","89270,321","84229,414","82570,749","82576,399","85547,814","84476,471","85870,059","92248,643","92434,492",94834.644,75408.006
170,SÃ£o TomÃ© and PrÃ­ncipe,775.709,"931,011","876,128","800,45","812,985","837,601","1142,825","1111,67","922,926","892,384","1050,252","920,765","788,501","1033,02","1058,931","820,593","1050,097","700,969","541,273","568,499","550,516","505,213","552,891","647,954","692,685","809,407","839,546","885,101","1125,875","1098,369","1128,309","1302,775","1380,112","1619,708","1826,92","1623,805","1737,727","1842,326","1988,722","2021,926","2189,676","2322,081","2230,662",2301.979,1526.27
171,Taiwan Province of China,2366.797,"2691,494","2675,311","2881,66","3202,615","3293,869","4008,134","5325,173","6338,1","7575,906","8167,2","9081,901","10715,536","11256,711","12099,746","13066,128","13588,306","13948,722","12767,078","13752,716","14844,238","13357,195","13651,355","14040,597","15290,307","16427,459","16892,883","17723,704","18053,591","16904,543","19181,358","20838,589","21256,361","21945,46","22844,316","22752,991","23070,733","25061,624","25825,566","25903,168","28404,717","33143,011","35513,192",36833.887,34467.090000000004
173,Tanzania,602.924,"699,181","778,244","772,741","682,028","596,872","732,197","350,129","324,721","271,496","211,031","237,573","213,148","190,679","195,663","221,366","266,49","307,987","370,188","370,918","380,08","377,469","382,354","401,069","428,927","459,757","491,056","551,781","683,137","693,025","732,315","768,16","867,857","970,348","1030,74","947,897","966,29","1002,869","1036,93","1079,684","1110,372","1177,123","1245,04",1340.823,737.8990000000001
174,Thailand,705.484,"744,913","767,41","824,445","845,08","772,393","840,315","967,712","1160,538","1338,257","1564,175","1769,043","1999,204","2209,362","2491,433","2846,59","3043,982","2468,182","1845,829","2031,165","2003,605","1890,25","2094,257","2356,968","2657,909","2890,482","3366,815","3973,994","4373,451","4208,355","5073,705","5493,743","5862,993","6168,708","5952,377","5837,807","5995,205","6596,224","7295,952","7813,605","7159,743","7232,256","7630,871",8273.93,7568.446
176,Togo,732.897,"588,837","478,885","439,532","388,995","393,789","533,68","607,02","655,62","625,669","734,496","709,219","728,16","543,292","411,811","530,121","563,017","555,862","509,651","495,79","409,01","395,011","442,767","535,374","557,462","548,802","550,519","606,782","736,985","728,528","721,037","791,925","771,891","838,357","864,996","770,358","802,935","830,452","901,932","893,161","915,625","993,009","960,833",1007.971,275.07399999999996
177,Tonga,770.303,"850,554","843,209","818,461","854,275","802,926","959,286","1037,126","1213,22","1461,359","1498,504","1750,858","1832,835","1884,492","1948,137","2123,283","2228,293","2263,661","2153,245","1994,282","2045,81","1818,184","1828,634","2015,247","2288,897","2587,295","2876,124","2925,938","3367,714","3046,764","3569,101","4014,77","4557,282","4386,109","4303,818","4298,224","4178,289","4577,005","4785,144","5095,614","4891,951","4701,208","5008,125",5367.236,4596.933
178,Trinidad and Tobago,5847.707,"6454,418","7393,152","6939,437","6831,216","6411,214","4121,173","4085,591","3798,754","3625,717","4221,813","4392,869","4474,142","3743,583","4027,423","4322,255","4658,874","4632,813","4872,619","5478,856","6545,953","7046,379","7162,514","8931,032","10442,168","12471,953","14280,042","16818,278","21479,282","14809,02","16957,433","19300,833","19171,211","20162,733","20290,52","18383,539","16247,176","16747,907","17139,186","17123,116","15285,94","17055,668","20746,296",20641.739,14794.032000000001
179,Tunisia,1482.823,"1390,414","1309,899","1322,84","1286,6","1271,845","1312,226","1382,408","1411,506","1386,015","1716,723","1769,744","2070,007","1903,681",1997,"2261,968","2411,883","2318,983","2407,491","2505,878","2322,277","2365,245","2460,779","2897,197","3265,224","3350,785","3536,507","3963,791","4519,745","4333,153","4343,057","4471,694","4345,815","4419,705","4511,282","4060,695","3890,127","3656,508","3661,194","3545,073","3571,833","3897,45","3815,82",3761.674,2278.8509999999997
182,"TÃ¼rkiye, Republic of",2133.685,"2113,068","1876,637","1753,332","1668,464","1835,181","1983,05","2260,66","2333,225","2707,896","3738,161","3691,37","3818,769","4261,644","3026,717","3880,859","4099,228","4221,923","4384,471","4020,272","4237,961","3082,899","3617,23","4684,698","6015,665","7350,887","7961,078","9640,571","10778,131","8941,404","10533,45","11221,402","11637,915","12488,968","12079,287","10973,586","10891,19","10628,898","9507,996","9132,945","8612,31","9654,085","9961,067",10863.043,8729.358
183,Uganda,664.574,"1044,13","703,042","779,82","581,032","514,181","494,509","768,935","767,651","599,952","472,193","238,48","216,036","247,107","346,255","401,893","401,413","423,918","402,455","370,515","355,466","347,812","361,953","361,772","430,758","483,032","527,739","634,361","784,496","815,808","808,713","872,039","950,56","964,833","960,698","779,047","809,498","833,537","880,467","955,694","910,16","1011,754","1105,59",1163.192,498.61800000000005
185,United Arab Emirates,40014.582,"40910,917","35767,654","31690,067","29017,094","27035,998","20533,019","21644,071","18435,195","20478,526","26621,511","25847,406","25960,965","25654,369","25762,53","26394,423","29058,859","29534,543","25897,653","27321,043","34688,979","32621,292","32790,711","35017,312","39304,507","43984,093","44313,551","41472,246","39074,713","30920,425","35065,935","41775,701","43932,903","45040,067","45817,068","40064,448","39144,669","41443,891","45075,57","43900,15","36284,561","41205,208","47792,94",48262.967,8248.384999999995
186,United Kingdom,10715.447,"10420,405","9918,949","9448,727","8938,749","9488,14","11549,723","14314,956","17398,174","17667,939","20884,233","21767,13","22438,034","20055,812","21499,589","23208,739","24464,779","26749,945","28277,881","28733,206","28279,663","27816,748","30099,602","34524,996","40415,48","42171,202","44731,564","50675,532","48038,966","39101,208","39731,624","42281,87","42691,188","43757,447","47816,045","45418,935","41630,457","40903,517","43718,965","43121,056","41127,443","47328,778","47317,565",51286.062,40570.615
187,United States,12552.943,"13948,701","14404,994","15513,679","17086,441","18199,32","19034,766","20000,968","21375,999","22814,077","23847,977","24302,776","25392,931","26364,192","27674,021","28671,48","29946,973","31440,087","32833,666","34496,241","36312,782","37101,453","37945,761","39405,354","41641,617","44034,256","46216,853","47943,353","48470,553","47102,428","48586,288","50008,108","51736,738","53245,516","55083,507","56729,681","57839,992","59885,714","62769,664","65051,88","63078,471","69227,11","75179,586",78421.938,65868.995
188,Uruguay,4139.894,"4588,983","3727,408","2032,97","1920,896","1865,107","2302,543","2864,701","2946,361","3088,005","3573,099","4281,106","4890,205","5659,542","6529,958","7176,409","7580,578","7925,923","8329,081","7814,547","7405,972","6776,82","4425,116","3926,713","4456,8","5637,982","6347,279","7587,881","9808,916","10181,702","12899,687","15331,08","16213,752","18049,695","17908,776","16565,8","16448,817","18431,369","18338,79","17341,404","15208,006","16735,29","20017,557",20463.909,16324.015
190,Vanuatu,1053.849,"956,137","930,89","931,689","1111,403","976,747","918,675","989,126","1092,048","1054,904","1141,043","1333,385","1357,696","1277,011","1422,849","1479,565","1511,705","1537,62","1441,112","1435,664","1422,228","1317,091","1313,463","1542,059","1743,287","1824,505","1985,275","2308,554","2540,715","2519,625","2719,254","3007,564","2934,853","2940,193","2947,953","2771,657","2844,132","3158,901","3256,353","3187,38","3294,916","2970,155","3049,75",3114.428,2060.5789999999997
191,Venezuela,4671.078,"5085,58","5041,589","4883,234","3447,45","3472,186","3488,564","2619,24","3292,792","2378,158","2492,939","2685,293","2968,496","2876,077","2741,979","3559,77","3174,631","3778,537","3970,433","4133,37","4820,646","4963,916","3778,255","3266,095","4311,999","5421,656","6646,803","8538,102","11079,069","9557,55","11158,18","10934,275","12693,485","8694,81","7113,389","4096,879","3676,297","3806,635","3531,883","2675,272","1608,284","2157,322","3051,738",3266.882,-1404.1960000000004
192,Vietnam,652.593,"318,521","414,347","612,565","1044,409","318,956","705,99","856,91","464,581","123,364","121,715","141,111","178,973","234,983","285,953","358,661","419,063","449,338","448,119","465,248","498,579","513,197","546,555","610,357","756,981","873,136","996,255","1152,267","1446,562","1481,442","1628,013","1949,826","2197,619","2369,973","2566,854","2581,907","2720,168","2957,899","3201,686","3398,214","3514,365","3717,8","4162,938",4682.834,4030.241
195,Zambia,718.795,"718,743","672,013","562,441","448,532","412,851","276,151","332,268","543,316","561,832","509,752","446,778","424,949","405,587","405,544","410,542","378,71","440,701","352,627","330,283","340,164","356,323","376,468","429,01","530,54","691,554","1030,685","1103,688","1365,933","1135,008","1456,052","1635,168","1724,628","1839,334","1726,647","1310,458","1254,12","1500,962","1480,42","1272,238","959,148","1095,465","1348,36",1395.03,676.235
